Course_ID,Passengers,Hour_Min,Hour_Max,Hour_Avg,Pickups,Dropoffs
0,2,10,10,10.0,2,1
1,4,10,10,10.0,4,1
2,4,10,10,10.0,4,1
3,2,10,10,10.0,2,1
4,4,19,19,19.0,1,4
5,4,10,10,10.0,4,1
6,4,10,10,10.0,4,1
7,4,10,10,10.0,3,1
8,4,19,19,19.0,1,4
9,4,10,10,10.0,4,1
10,4,10,10,10.0,4,1
11,4,10,10,10.0,3,1
12,4,19,19,19.0,1,4
13,4,10,10,10.0,4,1
14,4,10,10,10.0,4,1
15,4,10,10,10.0,2,1
16,4,19,19,19.0,1,4
17,4,10,10,10.0,4,1
18,4,10,10,10.0,4,1
19,4,10,10,10.0,3,1
20,4,19,19,19.0,1,4
21,4,10,10,10.0,3,1
22,4,10,10,10.0,3,1
23,4,10,10,10.0,3,2
24,4,19,19,19.0,1,3
25,4,10,10,10.0,4,1
26,4,10,10,10.0,3,1
27,4,10,10,10.0,4,1
28,4,19,19,19.0,1,4
29,4,10,10,10.0,3,1
30,4,10,10,10.0,4,1
31,4,10,10,10.0,4,1
32,4,19,19,19.0,1,4
33,4,10,10,10.0,4,1
34,4,10,10,10.0,3,1
35,4,10,10,10.0,4,1
36,4,19,19,19.0,1,4
37,4,10,10,10.0,3,1
38,4,10,10,10.0,4,1
39,4,10,10,10.0,4,1
40,4,19,19,19.0,1,4
41,4,10,10,10.0,3,1
42,4,10,10,10.0,3,1
43,4,19,19,19.0,1,3
44,4,10,10,10.0,4,1
45,4,10,10,10.0,3,1
46,4,10,10,10.0,4,1
47,4,19,19,19.0,2,4
48,4,10,10,10.0,4,1
49,4,10,10,10.0,3,1
50,4,10,10,10.0,3,1
51,4,19,19,19.0,1,3
52,4,10,10,10.0,4,1
53,4,10,10,10.0,4,1
54,4,10,10,10.0,3,1
55,4,19,19,19.0,1,4
56,4,10,10,10.0,4,1
57,4,10,10,10.0,3,1
58,4,10,10,10.0,3,1
59,4,19,19,19.0,1,3
60,4,10,10,10.0,4,1
61,4,10,10,10.0,3,1
62,4,10,10,10.0,3,1
63,4,19,19,19.0,1,3
64,4,10,10,10.0,3,1
65,4,10,10,10.0,3,1
66,4,10,10,10.0,4,1
67,4,19,19,19.0,1,3
68,4,10,10,10.0,4,1
69,4,10,10,10.0,4,1
70,4,10,10,10.0,4,1
71,4,19,19,19.0,1,3
72,4,19,19,19.0,1,4
73,4,10,10,10.0,4,1
74,4,10,10,10.0,4,1
75,4,10,10,10.0,4,1
76,4,10,10,10.0,4,1
77,4,10,10,10.0,4,1
78,4,10,10,10.0,4,1
79,4,19,19,19.0,1,3
80,4,10,10,10.0,2,1
81,4,10,10,10.0,4,1
82,1,10,10,10.0,1,1
83,4,19,19,19.0,1,4
84,4,19,19,19.0,2,2
85,4,19,19,19.0,2,4
86,4,19,19,19.0,2,4
87,4,19,19,19.0,2,4
88,2,19,19,19.0,1,2
89,4,10,10,10.0,2,1
90,4,10,10,10.0,3,1
91,4,10,10,10.0,4,1
92,2,10,10,10.0,2,1
93,4,10,10,10.0,4,1
94,4,19,19,19.0,1,3
95,4,19,19,19.0,1,2
96,4,19,19,19.0,1,4
97,4,19,19,19.0,1,4
98,4,19,19,19.0,1,4
99,3,19,19,19.0,1,2
100,4,10,10,10.0,2,1
101,4,10,10,10.0,3,1
102,4,10,10,10.0,4,1
103,1,10,10,10.0,1,1
104,3,10,10,10.0,3,1
105,4,19,19,19.0,1,3
106,4,19,19,19.0,1,4
107,4,19,19,19.0,1,3
108,4,19,19,19.0,1,4
109,4,19,19,19.0,1,4
110,4,19,19,19.0,1,3
111,4,19,19,19.0,1,4
112,1,19,19,19.0,1,1
113,4,10,10,10.0,2,1
114,4,10,10,10.0,2,1
115,3,10,10,10.0,3,1
116,2,10,10,10.0,2,1
117,4,10,10,10.0,4,1
118,4,10,10,10.0,4,1
119,4,19,19,19.0,1,3
120,4,19,19,19.0,1,4
121,4,19,19,19.0,1,2
122,4,19,19,19.0,1,4
123,4,19,19,19.0,1,4
124,4,19,19,19.0,1,4
125,2,19,19,19.0,1,2
126,2,8,10,9.0,1,1
127,4,10,10,10.0,3,1
128,4,10,10,10.0,4,1
129,1,8,8,8.0,1,1
130,4,10,10,10.0,4,1
131,2,10,10,10.0,2,1
132,4,19,19,19.0,1,3
133,4,19,19,19.0,1,2
134,4,19,19,19.0,1,4
135,4,19,19,19.0,1,4
136,4,19,19,19.0,1,3
137,4,19,19,19.0,1,4
138,1,17,17,17.0,1,1
139,3,10,10,10.0,3,1
140,4,10,10,10.0,2,1
141,4,10,10,10.0,4,2
142,4,10,10,10.0,3,1
143,2,10,10,10.0,2,1
144,4,10,10,10.0,3,1
145,4,10,10,10.0,3,2
146,4,10,10,10.0,4,1
147,2,10,10,10.0,2,1
148,4,19,19,19.0,1,4
149,4,19,19,19.0,1,3
150,4,19,19,19.0,1,3
151,4,19,19,19.0,1,4
152,4,19,19,19.0,1,3
153,4,19,19,19.0,1,3
154,4,19,19,19.0,1,3
155,4,19,19,19.0,1,4
156,2,19,19,19.0,1,2
157,4,10,10,10.0,3,1
158,4,10,10,10.0,4,1
159,4,10,10,10.0,3,1
160,4,10,10,10.0,4,1
161,1,10,10,10.0,1,1
162,4,10,10,10.0,2,1
163,4,10,10,10.0,3,1
164,4,10,10,10.0,3,1
165,2,10,10,10.0,2,1
166,3,10,10,10.0,3,1
167,4,19,19,19.0,1,3
168,4,19,19,19.0,1,4
169,4,19,19,19.0,1,3
170,4,19,19,19.0,1,3
171,4,19,19,19.0,1,3
172,4,19,19,19.0,1,4
173,4,19,19,19.0,1,3
174,4,19,19,19.0,1,3
175,4,19,19,19.0,1,4
176,2,19,19,19.0,1,2
177,4,10,10,10.0,3,1
178,4,10,10,10.0,3,1
179,4,10,10,10.0,4,1
180,3,10,10,10.0,3,1
181,4,10,10,10.0,4,1
182,4,10,10,10.0,3,1
183,4,10,10,10.0,3,1
184,4,10,10,10.0,4,1
185,1,10,10,10.0,1,1
186,4,19,19,19.0,1,3
187,4,19,19,19.0,1,3
188,4,19,19,19.0,1,4
189,4,19,19,19.0,1,3
190,4,19,19,19.0,1,4
191,4,19,19,19.0,1,3
192,4,19,19,19.0,1,4
193,4,19,19,19.0,1,4
194,2,19,19,19.0,1,2
195,4,10,10,10.0,3,1
196,4,10,10,10.0,3,1
197,4,10,10,10.0,3,1
198,4,10,10,10.0,4,1
199,2,10,10,10.0,2,1
200,4,10,10,10.0,4,1
201,4,10,10,10.0,3,1
202,2,10,10,10.0,2,1
203,2,10,10,10.0,1,1
204,4,19,19,19.0,1,3
205,4,19,19,19.0,1,3
206,4,19,19,19.0,1,4
207,4,19,19,19.0,1,4
208,4,19,19,19.0,1,3
209,4,19,19,19.0,1,4
210,4,19,19,19.0,1,4
211,2,19,19,19.0,1,2
212,4,10,10,10.0,4,1
213,4,10,10,10.0,3,1
214,1,10,10,10.0,1,1
215,4,10,10,10.0,4,1
216,4,10,10,10.0,3,1
217,4,10,10,10.0,3,1
218,4,10,10,10.0,4,1
219,1,10,10,10.0,1,1
220,2,10,10,10.0,2,1
221,4,19,19,19.0,1,3
222,4,19,19,19.0,1,4
223,4,19,19,19.0,1,3
224,4,19,19,19.0,1,4
225,4,19,19,19.0,1,3
226,4,19,19,19.0,1,4
227,4,19,19,19.0,1,4
228,2,19,19,19.0,1,2
229,4,10,10,10.0,4,1
230,4,10,10,10.0,4,1
231,4,10,10,10.0,3,1
232,4,10,10,10.0,3,1
233,4,10,10,10.0,4,1
234,4,10,10,10.0,4,1
235,4,10,10,10.0,4,1
236,4,10,10,10.0,3,1
237,2,10,10,10.0,2,1
238,4,19,19,19.0,1,4
239,4,19,19,19.0,1,4
240,4,19,19,19.0,1,4
241,4,19,19,19.0,1,3
242,4,19,19,19.0,2,4
243,4,19,19,19.0,2,3
244,4,19,19,19.0,2,4
245,4,19,19,19.0,1,4
246,4,19,19,19.0,2,4
247,4,19,19,19.0,2,4
248,4,19,19,19.0,2,4
249,3,19,19,19.0,1,3
250,2,10,10,10.0,2,1
251,4,10,10,10.0,4,1
252,4,10,10,10.0,4,1
253,4,10,10,10.0,4,1
254,4,10,10,10.0,3,1
255,4,10,10,10.0,4,1
256,4,10,10,10.0,4,1
257,4,10,10,10.0,3,1
258,1,10,10,10.0,1,1
259,4,19,19,19.0,2,4
260,4,19,19,19.0,2,4
261,4,19,19,19.0,1,4
262,4,19,19,19.0,2,4
263,4,19,19,19.0,2,3
264,4,19,19,19.0,1,4
265,3,10,10,10.0,3,1
266,4,10,10,10.0,4,1
267,4,10,10,10.0,4,1
268,4,10,10,10.0,4,1
269,4,10,10,10.0,3,1
270,1,10,10,10.0,1,1
271,4,10,10,10.0,4,1
272,4,10,10,10.0,3,1
273,2,10,10,10.0,2,1
274,4,19,19,19.0,1,4
275,4,19,19,19.0,1,4
276,4,19,19,19.0,1,4
277,4,19,19,19.0,1,3
278,4,19,19,19.0,1,4
279,4,19,19,19.0,2,4
280,4,19,19,19.0,2,4
281,4,19,19,19.0,2,4
282,4,19,19,19.0,2,4
283,4,19,19,19.0,2,4
284,4,19,19,19.0,2,4
285,4,19,19,19.0,2,4
286,4,19,19,19.0,2,4
287,4,19,19,19.0,2,4
288,4,19,19,19.0,1,4
289,3,10,10,10.0,3,1
290,4,10,10,10.0,3,1
291,4,10,10,10.0,4,1
292,4,10,10,10.0,3,1
293,4,10,10,10.0,4,1
294,1,10,10,10.0,1,1
295,4,10,10,10.0,4,1
296,4,10,10,10.0,3,1
297,2,10,10,10.0,2,1
298,4,19,19,19.0,1,4
299,4,19,19,19.0,1,3
300,4,19,19,19.0,1,4
301,4,19,19,19.0,1,3
302,4,19,19,19.0,2,4
303,4,19,19,19.0,2,4
304,4,19,19,19.0,2,4
305,4,19,19,19.0,2,3
306,4,19,19,19.0,2,4
307,4,19,19,19.0,2,4
308,4,19,19,19.0,2,4
309,4,19,19,19.0,2,4
310,4,19,19,19.0,2,4
311,2,19,19,19.0,2,2
312,3,10,10,10.0,3,1
313,4,10,10,10.0,3,1
314,4,10,10,10.0,4,1
315,4,10,10,10.0,4,1
316,4,10,10,10.0,4,1
317,1,10,10,10.0,1,1
318,4,10,10,10.0,4,1
319,4,10,10,10.0,3,1
320,2,10,10,10.0,2,1
321,4,19,19,19.0,1,4
322,4,19,19,19.0,1,4
323,4,19,19,19.0,1,4
324,4,19,19,19.0,1,3
325,4,19,19,19.0,2,4
326,4,19,19,19.0,2,4
327,4,19,19,19.0,2,4
328,4,19,19,19.0,2,3
329,4,19,19,19.0,2,4
330,4,19,19,19.0,2,4
331,4,19,19,19.0,2,4
332,4,19,19,19.0,2,4
333,4,19,19,19.0,2,4
334,1,19,19,19.0,1,1
335,2,10,10,10.0,2,1
336,4,10,10,10.0,3,1
337,4,10,10,10.0,4,1
338,4,10,10,10.0,4,1
339,4,10,10,10.0,4,1
340,1,10,10,10.0,1,1
341,4,10,10,10.0,4,1
342,4,10,10,10.0,3,1
343,2,10,10,10.0,2,1
344,4,19,19,19.0,1,3
345,4,19,19,19.0,1,4
346,4,19,19,19.0,1,4
347,4,19,19,19.0,1,4
348,4,19,19,19.0,2,4
349,4,19,19,19.0,2,4
350,4,19,19,19.0,2,4
351,4,19,19,19.0,2,3
352,4,19,19,19.0,2,4
353,4,19,19,19.0,2,4
354,4,19,19,19.0,2,4
355,4,19,19,19.0,2,4
356,4,19,19,19.0,2,4
357,4,19,19,19.0,2,4
358,4,10,10,10.0,4,1
359,4,10,10,10.0,4,1
360,4,10,10,10.0,3,1
361,4,10,10,10.0,3,1
362,4,10,10,10.0,4,1
363,4,10,10,10.0,4,1
364,4,10,10,10.0,4,1
365,3,10,10,10.0,3,1
366,4,19,19,19.0,1,4
367,4,19,19,19.0,1,4
368,4,19,19,19.0,1,4
369,4,19,19,19.0,1,4
370,4,19,19,19.0,2,4
371,4,19,19,19.0,2,4
372,4,19,19,19.0,2,4
373,4,19,19,19.0,2,3
374,4,19,19,19.0,2,4
375,4,19,19,19.0,2,4
376,4,19,19,19.0,2,4
377,4,19,19,19.0,2,4
378,4,19,19,19.0,2,4
379,4,19,19,19.0,2,4
380,3,19,19,19.0,2,3
381,4,10,10,10.0,3,1
382,4,10,10,10.0,4,1
383,4,10,10,10.0,4,1
384,4,10,10,10.0,4,1
385,2,10,10,10.0,2,1
386,4,10,10,10.0,4,1
387,4,10,10,10.0,4,1
388,3,10,10,10.0,3,1
389,4,10,10,10.0,4,1
390,4,19,19,19.0,1,4
391,4,19,19,19.0,1,4
392,4,19,19,19.0,1,4
393,4,19,19,19.0,1,4
394,4,19,19,19.0,2,4
395,4,19,19,19.0,2,4
396,4,19,19,19.0,2,4
397,4,19,19,19.0,2,3
398,4,19,19,19.0,2,4
399,4,19,19,19.0,2,4
400,4,19,19,19.0,2,4
401,4,19,19,19.0,2,4
402,4,19,19,19.0,2,4
403,4,19,19,19.0,2,4
404,1,19,19,19.0,1,1
405,4,19,19,19.0,1,4
406,4,19,19,19.0,1,4
407,4,19,19,19.0,1,4
408,4,19,19,19.0,1,4
409,4,19,19,19.0,1,4
410,4,19,19,19.0,2,4
411,4,19,19,19.0,2,4
412,4,19,19,19.0,2,3
413,4,19,19,19.0,2,4
414,4,19,19,19.0,2,4
415,4,19,19,19.0,2,4
416,4,19,19,19.0,2,4
417,4,19,19,19.0,2,4
418,4,19,19,19.0,2,4
419,4,19,19,19.0,1,4
420,3,19,19,19.0,1,3
421,4,10,10,10.0,4,1
422,4,10,10,10.0,4,1
423,3,10,10,10.0,3,1
424,4,10,10,10.0,3,1
425,4,10,10,10.0,4,1
426,4,10,10,10.0,4,1
427,4,10,10,10.0,4,1
428,2,10,10,10.0,2,1
429,4,10,10,10.0,4,1
430,1,10,10,10.0,1,1
431,4,10,10,10.0,3,1
432,4,10,10,10.0,4,1
433,4,10,10,10.0,4,1
434,4,10,10,10.0,4,1
435,2,10,10,10.0,2,1
436,4,10,10,10.0,4,1
437,4,10,10,10.0,4,1
438,4,10,10,10.0,4,1
439,4,10,10,10.0,4,1
440,1,10,10,10.0,1,1
441,4,19,19,19.0,1,4
442,4,19,19,19.0,1,4
443,4,19,19,19.0,1,4
444,4,19,19,19.0,1,4
445,4,19,19,19.0,1,4
446,4,19,19,19.0,2,4
447,4,19,19,19.0,2,4
448,4,19,19,19.0,2,4
449,4,19,19,19.0,2,3
450,4,19,19,19.0,2,4
451,4,19,19,19.0,2,4
452,4,19,19,19.0,2,4
453,4,19,19,19.0,2,4
454,4,19,19,19.0,2,4
455,4,19,19,19.0,2,4
